{
  "measurement_strategy": "FIRST_TOKEN",
  "num_samples": 500,
  "d_drift_mean": 1.8582234382629395,
  "d_drift_std": 1.9498834609985352,
  "d_drift_median": 1.324009895324707,
  "d_drift_p25": 0.20886369049549103,
  "d_drift_p75": 2.77846097946167,
  "d_drift_min": 7.920685311546549e-05,
  "d_drift_max": 12.045209884643555,
  "threshold": 0.5,
  "drift_confirmed": true,
  "per_sample_kl": [
    6.435250759124756,
    1.324009895324707,
    5.773189067840576,
    1.3815404176712036,
    6.146442890167236,
    3.2264156341552734,
    5.6581034660339355,
    0.48214516043663025,
    1.4563411474227905,
    0.6877142190933228,
    0.4723908603191376,
    0.007115907035768032,
    1.26454758644104,
    1.1935274600982666,
    0.3177279829978943,
    1.961593747138977,
    1.6097629070281982,
    1.067919135093689,
    0.5858548283576965,
    4.27284049987793,
    2.9400861263275146,
    6.202413558959961,
    2.2508351802825928,
    6.953744411468506,
    2.404473066329956,
    0.37726807594299316,
    1.0628842115402222,
    2.3578240871429443,
    0.26006779074668884,
    10.7557954788208,
    0.14404304325580597,
    2.4151525497436523,
    1.4457005262374878,
    0.7641162872314453,
    0.007173533085733652,
    2.2359347343444824,
    2.8110833168029785,
    0.00216671428643167,
    3.622403621673584,
    2.2609784603118896,
    1.2181661128997803,
    1.7419463396072388,
    1.6686034202575684,
    0.44057032465934753,
    4.082671165466309,
    0.2909294664859772,
    0.04212360456585884,
    1.1059215068817139,
    1.3744852542877197,
    1.961069107055664,
    2.2790677547454834,
    1.0750337839126587,
    2.7005369663238525,
    0.016918178647756577,
    0.0027664578519761562,
    0.6326225996017456,
    0.025377707555890083,
    0.016605976969003677,
    3.77545166015625,
    2.135075092315674,
    0.8497096300125122,
    0.0011920297984033823,
    1.133318305015564,
    1.9657458066940308,
    0.24382732808589935,
    0.900129497051239,
    0.1818809062242508,
    0.17173819243907928,
    2.679708242416382,
    1.502455711364746,
    0.07760259509086609,
    0.9672497510910034,
    3.7561240196228027,
    3.9720678329467773,
    0.11986158788204193,
    2.363520860671997,
    0.8097545504570007,
    1.8466702699661255,
    2.9039225578308105,
    0.0012614489533007145,
    1.7257225513458252,
    2.0160446166992188,
    4.460290431976318,
    0.040560923516750336,
    4.53314733505249,
    0.007286240812391043,
    4.9515604972839355,
    1.9563692808151245,
    1.0411044359207153,
    3.487109661102295,
    0.09852101653814316,
    5.474523067474365,
    0.06812366843223572,
    3.4482126235961914,
    0.0008134444360621274,
    0.3302581310272217,
    0.7494921684265137,
    0.0003504098276607692,
    2.3655478954315186,
    2.3336150646209717,
    2.7655320167541504,
    0.15459568798542023,
    0.5357442498207092,
    0.0683605819940567,
    2.7972681522369385,
    7.920685311546549e-05,
    0.034180741757154465,
    0.0008888483862392604,
    1.4226621389389038,
    4.127234935760498,
    1.0284035205841064,
    0.38302743434906006,
    1.5653257369995117,
    0.19398769736289978,
    0.14301460981369019,
    0.6829302906990051,
    1.0524890422821045,
    0.6474080085754395,
    5.286985874176025,
    0.1935153603553772,
    7.459512710571289,
    1.7555644512176514,
    2.0843753814697266,
    0.9379296898841858,
    0.7832285761833191,
    1.918471097946167,
    0.059566546231508255,
    2.5525355339050293,
    0.011627815663814545,
    3.2212107181549072,
    1.2154334783554077,
    0.2924197018146515,
    4.530714511871338,
    1.3315377235412598,
    5.9307074546813965,
    0.3235851526260376,
    1.1782766580581665,
    3.195831537246704,
    0.7415539622306824,
    0.0011383169330656528,
    0.11940577626228333,
    0.3208116590976715,
    3.162792682647705,
    3.0516786575317383,
    0.06943133473396301,
    0.04670577868819237,
    2.4799091815948486,
    1.1378977298736572,
    0.0009473370737396181,
    1.6925759315490723,
    0.003989176359027624,
    0.038523342460393906,
    2.766892910003662,
    2.3931405544281006,
    2.1637136936187744,
    1.285416841506958,
    2.3505430221557617,
    0.5385167598724365,
    2.2271299362182617,
    2.646932363510132,
    2.1649832725524902,
    0.2926301956176758,
    1.5219918489456177,
    2.226290702819824,
    0.050390563905239105,
    0.21603302657604218,
    0.20332071185112,
    0.11044580489397049,
    3.82314133644104,
    0.18695032596588135,
    1.672072410583496,
    3.2556726932525635,
    0.14985151588916779,
    0.16025792062282562,
    4.789071559906006,
    1.1542866230010986,
    0.21754001080989838,
    1.0932185649871826,
    2.7814276218414307,
    0.9021891355514526,
    0.0018852029461413622,
    2.0424256324768066,
    0.000984465004876256,
    1.944229006767273,
    3.5659074783325195,
    1.3462153673171997,
    0.15481267869472504,
    1.8149558305740356,
    0.13638052344322205,
    1.5589358806610107,
    0.3116665482521057,
    1.767786979675293,
    7.576448917388916,
    2.736207962036133,
    2.7996788024902344,
    4.84584903717041,
    4.7885518074035645,
    0.10046990215778351,
    0.81216961145401,
    2.178696393966675,
    2.370709180831909,
    12.045209884643555,
    0.9618770480155945,
    0.00037853652611374855,
    4.575649738311768,
    0.023303907364606857,
    0.2796397805213928,
    0.013503187336027622,
    2.602900505065918,
    0.01818208210170269,
    3.850733518600464,
    0.7376298904418945,
    0.1225326880812645,
    3.0612173080444336,
    0.29690539836883545,
    1.2367712259292603,
    2.300424575805664,
    0.07149197906255722,
    2.300668954849243,
    3.5016541481018066,
    1.536325216293335,
    1.531058430671692,
    1.4377626180648804,
    3.9507558345794678,
    0.28185391426086426,
    4.395915985107422,
    4.7534637451171875,
    8.353964805603027,
    3.787943124771118,
    3.89711594581604,
    1.7492384910583496,
    5.308123588562012,
    0.016712626442313194,
    2.4149649143218994,
    0.1921520233154297,
    0.0013335051480680704,
    0.37582191824913025,
    3.1572067737579346,
    3.2209458351135254,
    4.336544990539551,
    4.72137975692749,
    0.38030877709388733,
    0.04733990132808685,
    0.261433482170105,
    0.7985408306121826,
    0.3982771039009094,
    3.626556396484375,
    0.002381487051025033,
    5.518061637878418,
    3.3083455562591553,
    1.3766024112701416,
    0.6176320314407349,
    5.904393672943115,
    2.656622886657715,
    1.3060413599014282,
    2.604093313217163,
    0.5944940447807312,
    2.5589640140533447,
    0.5725569725036621,
    2.1292927265167236,
    0.10733804106712341,
    5.860480308532715,
    0.8104413747787476,
    6.347914695739746,
    0.04499296098947525,
    0.013449929654598236,
    0.08664285391569138,
    2.8562231063842773,
    0.06414149701595306,
    0.09834256023168564,
    0.303620845079422,
    0.007416358683258295,
    1.6429784297943115,
    7.4633283615112305,
    0.46519649028778076,
    0.010419621132314205,
    4.34430456161499,
    1.7585405111312866,
    0.5438625812530518,
    2.8603854179382324,
    2.9879353046417236,
    1.4339349269866943,
    0.006454809568822384,
    0.020743535831570625,
    1.9507360458374023,
    1.416121482849121,
    0.18213875591754913,
    0.013564699329435825,
    1.4663351774215698,
    5.132755279541016,
    2.5059895515441895,
    2.639981269836426,
    1.102557897567749,
    0.8934590816497803,
    3.5397024154663086,
    5.19677734375,
    0.003608063096180558,
    0.05366197228431702,
    2.3052330017089844,
    1.5755919218063354,
    2.3003427982330322,
    4.092182159423828,
    1.8049436807632446,
    2.223731279373169,
    0.9852685332298279,
    0.2529083788394928,
    0.6573431491851807,
    0.9924941658973694,
    5.758406162261963,
    0.5748951435089111,
    2.4979889392852783,
    5.708561897277832,
    0.8195614814758301,
    3.910020351409912,
    0.00173997285310179,
