{
  "num_samples": 500,
  "d_drift_mean": 1.0907320976257324,
  "d_drift_std": 1.2670594453811646,
  "d_drift_median": 0.7832285761833191,
  "d_drift_p25": 0.23074352741241455,
  "d_drift_p75": 1.4501575231552124,
  "d_drift_min": 0.00019152628374285996,
  "d_drift_max": 12.045209884643555,
  "threshold": 0.5,
  "drift_confirmed": true,
  "per_sample_kl": [
    0.9465481638908386,
    1.324009895324707,
    2.6160709857940674,
    0.45874789357185364,
    1.4107974767684937,
    1.6139636039733887,
    2.829054355621338,
    0.16079571843147278,
    1.5012892484664917,
    0.2303992509841919,
    0.08012980222702026,
    0.004422280937433243,
    1.0451934337615967,
    1.3273659944534302,
    0.43481895327568054,
    1.961593747138977,
    1.772727370262146,
    1.937180519104004,
    0.39577731490135193,
    1.607100486755371,
    1.5201623439788818,
    0.44718071818351746,
    0.8999756574630737,
    2.2903807163238525,
    0.8339705467224121,
    0.6015909910202026,
    0.32051369547843933,
    2.2179453372955322,
    0.06553418934345245,
    10.7557954788208,
    1.2170217037200928,
    1.247054100036621,
    0.709616482257843,
    0.6104819178581238,
    0.007173533085733652,
    1.178928256034851,
    2.8110833168029785,
    0.6687269806861877,
    2.12016224861145,
    0.9621193408966064,
    0.21300706267356873,
    1.7419463396072388,
    1.334447979927063,
    0.07845618575811386,
    1.8186813592910767,
    0.4405897855758667,
    0.1670275181531906,
    1.8068400621414185,
    1.4791284799575806,
    0.5546193718910217,
    0.8405413627624512,
    1.0045191049575806,
    5.028286933898926,
    0.009691864252090454,
    0.04228570684790611,
    0.6451554894447327,
    0.019507940858602524,
    0.00935775600373745,
    0.8914279937744141,
    0.2726999819278717,
    0.28603824973106384,
    0.0011920297984033823,
    1.218432068824768,
    0.578719973564148,
    0.04988329857587814,
    0.4506170451641083,
    0.28437840938568115,
    0.057257991284132004,
    2.309558153152466,
    1.3952618837356567,
    0.05390368774533272,
    1.222546935081482,
    3.7561240196228027,
    2.0034260749816895,
    0.05493663623929024,
    0.989337146282196,
    0.5626503825187683,
    2.282034158706665,
    0.7466269135475159,
    0.01439855620265007,
    0.8533276915550232,
    0.5085418224334717,
    0.6503003835678101,
    1.5877224206924438,
    0.7216566801071167,
    0.0032150857150554657,
    2.0829198360443115,
    1.9563692808151245,
    0.8400837182998657,
    0.7270873785018921,
    0.09852101653814316,
    2.8238160610198975,
    1.1421582698822021,
    3.4482126235961914,
    0.0008134444360621274,
    0.16904997825622559,
    0.2505767047405243,
    0.00019152628374285996,
    3.7763376235961914,
    6.502506256103516,
    1.3930461406707764,
    0.0785805732011795,
    0.497723788022995,
    0.8693823218345642,
    1.5604459047317505,
    2.2070980072021484,
    0.39094558358192444,
    1.4364848136901855,
    0.7125644683837891,
    4.127234935760498,
    1.1149942874908447,
    1.091190218925476,
    0.4043462574481964,
    0.3857794404029846,
    1.126310110092163,
    0.19418150186538696,
    0.4550907611846924,
    0.6474080085754395,
    1.0018221139907837,
    0.05467533320188522,
    3.4788026809692383,
    1.7555644512176514,
    1.3067693710327148,
    0.46267473697662354,
    0.7832285761833191,
    0.8727319836616516,
    0.02123456634581089,
    0.7935753464698792,
    0.38885828852653503,
    2.168168544769287,
    0.6859130263328552,
    0.1435585767030716,
    1.2398120164871216,
    0.7358570694923401,
    1.0331722497940063,
    1.5794202089309692,
    0.6500787734985352,
    0.990024983882904,
    0.7415539622306824,
    0.19174475967884064,
    0.10410097241401672,
    0.16502179205417633,
    3.162792682647705,
    1.6785563230514526,
    0.035486750304698944,
    2.5487897396087646,
    2.355555534362793,
    1.6926592588424683,
    0.38869619369506836,
    1.2504321336746216,
    0.08917462825775146,
    0.03559332340955734,
    3.033357858657837,
    0.7563011050224304,
    1.0979702472686768,
    0.425383985042572,
    1.0425370931625366,
    0.4526309072971344,
    0.7531513571739197,
    1.304644227027893,
    1.2043004035949707,
    0.2568540871143341,
    1.0458942651748657,
    0.8626473546028137,
    0.050390563905239105,
    0.09094403684139252,
    0.05629083514213562,
    0.056511104106903076,
    1.0036617517471313,
    0.18695032596588135,
    0.31990182399749756,
    1.0872666835784912,
    0.07521303743124008,
    0.10140038281679153,
    1.6989277601242065,
    1.5699208974838257,
    0.10901365429162979,
    3.7097582817077637,
    2.411607265472412,
    0.11166323721408844,
    0.0012423915322870016,
    1.2267162799835205,
    0.000984465004876256,
    1.004474401473999,
    0.805968701839447,
    0.3117554485797882,
    0.07811931520700455,
    0.2730431854724884,
    0.05462328717112541,
    1.5589358806610107,
    0.1939554065465927,
    3.0751943588256836,
    5.669811248779297,
    0.48008379340171814,
    1.9391169548034668,
    1.7130095958709717,
    1.267614722251892,
    0.6996801495552063,
    0.4061480462551117,
    1.292628526687622,
    1.9380799531936646,
    12.045209884643555,
    0.7941937446594238,
    0.003907801117748022,
    1.9935054779052734,
    0.004423713777214289,
    0.15838192403316498,
    0.00945967622101307,
    0.7461167573928833,
    0.005442061461508274,
    0.7841359376907349,
    0.37305715680122375,
    1.5040849447250366,
    1.2107821702957153,
    0.7542014718055725,
    0.6593503952026367,
    0.3840540945529938,
    0.06852873414754868,
    1.0668857097625732,
    0.7133640050888062,
    1.4304568767547607,
    2.6457085609436035,
    0.9061577916145325,
    3.048118829727173,
    0.3049663007259369,
    2.774078130722046,
    0.9618028402328491,
    3.756279945373535,
    1.8924838304519653,
    3.2079267501831055,
    1.1232141256332397,
    2.5017290115356445,
    1.2126083374023438,
    1.2170028686523438,
    0.06964220851659775,
    0.9896752238273621,
    0.19622737169265747,
    1.9335846900939941,
    1.6441984176635742,
    4.336544990539551,
    2.427691698074341,
    0.12643881142139435,
    0.04733990132808685,
    0.1308186799287796,
    0.11775641143321991,
    0.5918552875518799,
    0.6401351690292358,
    0.0075415619648993015,
    0.9549925327301025,
    3.3083455562591553,
    1.2390153408050537,
    0.1089419424533844,
    3.151787281036377,
    0.8316617012023926,
    0.44072332978248596,
    1.1360445022583008,
    1.2132214307785034,
    2.0424022674560547,
    0.1472264975309372,
    1.217220425605774,
    0.316660076379776,
    1.036918044090271,
    0.7349303960800171,
    1.0978971719741821,
    0.08818855881690979,
    0.31302207708358765,
    0.050700780004262924,
    1.446852445602417,
    0.030000897124409676,
    0.08658730238676071,
    0.15381483733654022,
    0.002775668166577816,
    1.6456464529037476,
    7.4633283615112305,
    0.46519649028778076,
    0.007528279908001423,
    2.1973791122436523,
    0.6651318669319153,
    0.6422420144081116,
    1.3538565635681152,
    1.2081239223480225,
    0.7539094686508179,
    0.0032920415978878736,
    0.020743535831570625,
    1.9507360458374023,
    1.416121482849121,
    0.04571069777011871,
    0.4876096546649933,
    0.68730628490448,
    1.169251799583435,
    2.5059895515441895,
    0.5549819469451904,
    0.7577466368675232,
    0.4467694163322449,
    1.0373694896697998,
    5.19677734375,
    0.0012266702251508832,
    0.503716230392456,
    1.2176870107650757,
    0.9752328991889954,
    0.9009461402893066,
    1.4733718633651733,
    0.38688769936561584,
    1.5423214435577393,
    0.5311990976333618,
    0.11529500782489777,
    1.4154891967773438,
    0.4543223977088928,
    2.6838321685791016,
    3.881312608718872,
    0.7363996505737305,
    5.708561897277832,
    0.23085828125476837,
    3.246579170227051,
    0.011814932338893414,
